,id,lang,text,user_id,screen_name,name,statuses_count,retweet_count,source_url,source_url_cat
0,1268191645259964417,en,"RT @dayus4heaven: Essential Cheat Sheets for MachineLearning&amp;DeepLearning
#WebDev #BigData #Analytics #DataScience #CyberSecurity #IoT #IIo‚Ä¶",1268118362112045056,NodeBotJs2,NodeBotJs,498,34,https://www.pointsofcontact.org,https://www.pointsofcontact.org
1,1268191637395640321,en,"RT @dayus4heaven: Essential Cheat Sheets for MachineLearning&amp;DeepLearning
#WebDev #BigData #Analytics #DataScience #CyberSecurity #IoT #IIo‚Ä¶",721036352,okemname,ŸÖ€Å⁄© ÿß€åŸÖÿßŸÜ ÿÆÿßŸÜ,3109,34,http://twitter.com/download/iphone,http://twitter.com/download/iphone
2,1268185258706505742,en,"RT @odsc: Announcing AI+ Training by #ODSC. Learn from acclaimed instructor and author Jon Krohn, PhD, this July. Register now to save 30%:‚Ä¶",1134668128489656320,ShyBOT7,Shy BOT,43765,3,https://digitalinspiration.com,https://digitalinspiration.com
3,1268184854425997314,en,"RT @EmmanuelTorty: VS Code Cheat Sheet (2020)
#WebDev #BigData #Analytics #DataScience #CyberSecurity #IoT #IIoT #PyTorch #Python #RStats #‚Ä¶",1166373999343017986,tobi_aiyelokun,Oluwatobi,492,60,http://twitter.com/download/android,http://twitter.com/download/android
4,1268182756435079168,en,"RT @dayus4heaven: Essential Cheat Sheets for MachineLearning&amp;DeepLearning
#WebDev #BigData #Analytics #DataScience #CyberSecurity #IoT #IIo‚Ä¶",812555214024740865,_reactdev,React Developer,189457,34,https://rishabhmishra.me/,https://rishabhmishra.me/
5,1268182738131181568,en,"RT @dayus4heaven: Essential Cheat Sheets for MachineLearning&amp;DeepLearning
#WebDev #BigData #Analytics #DataScience #CyberSecurity #IoT #IIo‚Ä¶",248816081,jamilouazzani,Jamil Ouazzani,21647,34,http://twitter.com/download/android,http://twitter.com/download/android
6,1268181933755858945,en,"RT @pak_aims: #Programmer directory!

#AI #Analytics #DataScience #rstats #IoT #TensorFlow #javascript #reactjs #Cloud #Serverless #NodeJS‚Ä¶",1222084242789634050,C0mment_Reader,Official_Comment_Reader‚Ñ¢Ô∏è,2642,111,http://twitter.com/download/android,http://twitter.com/download/android
7,1268179517388009472,en,"RT @FARHAN_RABBANI: Programming Dictionary!

#Robots #Robotics #AI #BigData #Analytics #DataScience #rstats #IoT #TensorFlow #javascript #r‚Ä¶",1267176842856927233,ddcombot,DevelopersDiscussion.com,5521,20,,
8,1268179444520255488,en,"RT @FARHAN_RABBANI: Programming Dictionary!

#Robots #Robotics #AI #BigData #Analytics #DataScience #rstats #IoT #TensorFlow #javascript #r‚Ä¶",1190726565073522694,LlnuxBot,LinuxBot,267239,20,https://techdox.nz,https://techdox.nz
9,1268179354166706176,en,"RT @FARHAN_RABBANI: Programming Dictionary!

#Robots #Robotics #AI #BigData #Analytics #DataScience #rstats #IoT #TensorFlow #javascript #r‚Ä¶",1243237017695051778,ProjectLearn_io,ProjectLearn,53003,20,https://projectlearn.io,https://projectlearn.io
10,1268175441002737664,en,"RT @PratikNilange: Me explaining client how to use the program!ü§£
#WebDev #BigData #Analytics #DataScience #CyberSecurity #IoT #IIoT #PyTorc‚Ä¶",992317227079753728,Wrdlbrmpfd_Wrdl,Thomas Cave,13572,978,https://mobile.twitter.com,https://mobile.twitter.com
11,1268175437307408389,en,"RT @EmmanuelTorty: VS Code Cheat Sheet (2020)
#WebDev #BigData #Analytics #DataScience #CyberSecurity #IoT #IIoT #PyTorch #Python #RStats #‚Ä¶",548227643,ManushaDilan,Manusha Dilan,3452,60,http://twitter.com/download/android,http://twitter.com/download/android
12,1268175110604591105,en,"RT @EmmanuelTorty: VS Code Cheat Sheet (2020)
#WebDev #BigData #Analytics #DataScience #CyberSecurity #IoT #IIoT #PyTorch #Python #RStats #‚Ä¶",117805461,herhtom,tom,7634,60,http://twitter.com/download/iphone,http://twitter.com/download/iphone
13,1268175018866999300,en,"RT @odsc: Announcing AI+ Training by #ODSC. Learn from acclaimed instructor and author Jon Krohn, PhD, this July. Register now to save 30%:‚Ä¶",2930520904,Woodywood4Woody,Jessica,2945,3,https://mobile.twitter.com,https://mobile.twitter.com
14,1268174787123257346,en,"RT @odsc: Announcing AI+ Training by #ODSC. Learn from acclaimed instructor and author Jon Krohn, PhD, this July. Register now to save 30%:‚Ä¶",3340145579,merit_bakare,meritvision.,3282,3,http://twitter.com/download/iphone,http://twitter.com/download/iphone
15,1268173088702836748,en,"Announcing AI+ Training by #ODSC. Learn from acclaimed instructor and author Jon Krohn, PhD, this July. Register no‚Ä¶ https://t.co/lwo9fqwbK8",3018841323,odsc,Open Data Science,43539,3,http://www.hubspot.com/,http://www.hubspot.com/
16,1268171456686383114,en,"RT @tut_ml: Best Books on Data Science in 2020
#WebDev #BigData #Analytics #DataScience #CyberSecurity #IoT #IIoT #PyTorch #Python #RStats‚Ä¶",1267176842856927233,ddcombot,DevelopersDiscussion.com,5521,52,,
17,1268171456581644295,en,"RT @tut_ml: Best Books on Data Science in 2020
#WebDev #BigData #Analytics #DataScience #CyberSecurity #IoT #IIoT #PyTorch #Python #RStats‚Ä¶",1267176842856927233,ddcombot,DevelopersDiscussion.com,5521,52,,
18,1268171444632129537,en,"RT @tut_ml: Best Books on Data Science in 2020
#WebDev #BigData #Analytics #DataScience #CyberSecurity #IoT #IIoT #PyTorch #Python #RStats‚Ä¶",1131854274223366144,cybersec_feeds,Cyber Security Feed,854150,52,https://abdirahiimyassin.weebly.com,https://abdirahiimyassin.weebly.com
19,1268167879888961537,en,"RT @dayus4heaven: Essential Cheat Sheets for MachineLearning&amp;DeepLearning
#WebDev #BigData #Analytics #DataScience #CyberSecurity #IoT #IIo‚Ä¶",877159974346133505,MariaLasNieves2,Maria Las Nieves,2872,34,https://mobile.twitter.com,https://mobile.twitter.com
20,1268166419235123200,en,"RT @y2yuuuki: For DataScientists

https://t.co/c5dzcBeyMi
„Éº„Éº„Éº
#WebDev #BigData #Analytics #DataScience #CyberSecurity #IoT #IIoT #PyTorch #‚Ä¶",1267176842856927233,ddcombot,DevelopersDiscussion.com,5521,22,,
21,1268166388788662274,en,"RT @y2yuuuki: For DataScientists

https://t.co/c5dzcBeyMi
„Éº„Éº„Éº
#WebDev #BigData #Analytics #DataScience #CyberSecurity #IoT #IIoT #PyTorch #‚Ä¶",1266133633389060097,CodeGnuts,Gnuts about Code,16371,22,https://adam-spice.online,https://adam-spice.online
22,1268166366852526081,en,"RT @y2yuuuki: For DataScientists

https://t.co/c5dzcBeyMi
„Éº„Éº„Éº
#WebDev #BigData #Analytics #DataScience #CyberSecurity #IoT #IIoT #PyTorch #‚Ä¶",2840980285,PandhareSidhesh,Sidheshwar Pandhare,7142,22,http://twinybots.com,http://twinybots.com
23,1268164231678984192,en,"RT @EmmanuelTorty: VS Code Cheat Sheet (2020)
#WebDev #BigData #Analytics #DataScience #CyberSecurity #IoT #IIoT #PyTorch #Python #RStats #‚Ä¶",910440206074970113,m_khairahman,Khai Rahman,3016,60,http://twitter.com/download/android,http://twitter.com/download/android
24,1268162755468591108,en,"RT @EmmanuelTorty: VS Code Cheat Sheet (2020)
#WebDev #BigData #Analytics #DataScience #CyberSecurity #IoT #IIoT #PyTorch #Python #RStats #‚Ä¶",503986471,jonico22,jose luis yana,8515,60,http://twitter.com/download/iphone,http://twitter.com/download/iphone
25,1268159654246350858,en,"RT @EmmanuelTorty: VS Code Cheat Sheet (2020)
#WebDev #BigData #Analytics #DataScience #CyberSecurity #IoT #IIoT #PyTorch #Python #RStats #‚Ä¶",1260861717258657794,LabOfBro,broslab,185,60,http://twitter.com/download/iphone,http://twitter.com/download/iphone
26,1268156084587503616,en,"RT @EmmanuelTorty: VS Code Cheat Sheet (2020)
#WebDev #BigData #Analytics #DataScience #CyberSecurity #IoT #IIoT #PyTorch #Python #RStats #‚Ä¶",1234687264497770497,cybe_rpunkfixer,cyberpunk_fixer,16335,60,https://mobile.twitter.com,https://mobile.twitter.com
27,1268154323751534592,en,"RT @pak_aims: #Programmer directory!

#AI #Analytics #DataScience #rstats #IoT #TensorFlow #javascript #reactjs #Cloud #Serverless #NodeJS‚Ä¶",885513434569355265,Taieb_Bot,JSBot,458169,111,https://github.com/AlFalahTaieb,https://github.com/AlFalahTaieb
28,1268154299227480064,en,"RT @pak_aims: #Programmer directory!

#AI #Analytics #DataScience #rstats #IoT #TensorFlow #javascript #reactjs #Cloud #Serverless #NodeJS‚Ä¶",1131854274223366144,cybersec_feeds,Cyber Security Feed,854150,111,https://abdirahiimyassin.weebly.com,https://abdirahiimyassin.weebly.com
29,1268152396775129089,en,RT @Deep_In_Depth: Awesome Julia Machine-Learning Packages Everyone Should Try! https://t.co/XWdemKy8us #DL #AI #ML #DeepLearning #NeuralNe‚Ä¶,1257170815881228295,ML_Tweet_Bot,Machine Learning Bot,51890,9,https://twitter.com/,https://twitter.com/
30,1268152364503990273,en,RT @Deep_In_Depth: Awesome Julia Machine-Learning Packages Everyone Should Try! https://t.co/XWdemKy8us #DL #AI #ML #DeepLearning #NeuralNe‚Ä¶,1261355507203203072,LearnWithHarry,Harry,12523,9,https://notarealwebsite.nope,https://notarealwebsite.nope
31,1268151290296557568,en,RT @Deep_In_Depth: Awesome Julia Machine-Learning Packages Everyone Should Try! https://t.co/XWdemKy8us #DL #AI #ML #DeepLearning #NeuralNe‚Ä¶,1201368586398208000,Akrati69904291,akrati,1695,9,https://www.abc.com,https://www.abc.com
32,1268150079996735491,en,"RT @tut_ml: Best Books on Data Science in 2020
#WebDev #BigData #Analytics #DataScience #CyberSecurity #IoT #IIoT #PyTorch #Python #RStats‚Ä¶",1204128767251230720,codedailybot,#100daysOfCode,368786,52,https://twitter.com/codedailybot,https://twitter.com/codedailybot
33,1268149789968879622,en,"RT @tut_ml: Best Books on Data Science in 2020
#WebDev #BigData #Analytics #DataScience #CyberSecurity #IoT #IIoT #PyTorch #Python #RStats‚Ä¶",1201368586398208000,Akrati69904291,akrati,1695,52,https://www.abc.com,https://www.abc.com
34,1268146695763869698,en,"RT @kwasi_arhin_: @venikunche @DiversifyTechCo Hey #TechTwitter, My name is Kwasi Arhin

I'm currently seeking Data Scientist/Machine Learn‚Ä¶",17433243,dahlbys,Samantha Dahlby,3539,13,http://twitter.com/download/android,http://twitter.com/download/android
35,1268145538110763008,en,"RT @kwasi_arhin_: @venikunche @DiversifyTechCo Hey #TechTwitter, My name is Kwasi Arhin

I'm currently seeking Data Scientist/Machine Learn‚Ä¶",1183615367937253376,FredericRoland7,Frederic Roland,234,13,http://twitter.com/download/android,http://twitter.com/download/android
36,1268145113261379584,en,"RT @kwasi_arhin_: @venikunche @DiversifyTechCo Hey #TechTwitter, My name is Kwasi Arhin

I'm currently seeking Data Scientist/Machine Learn‚Ä¶",1032460060998479872,Dev_Luismi,Luis ‚ò¢,2315,13,http://www.samruston.co.uk,http://www.samruston.co.uk
37,1268142019509211143,en,"RT @kwasi_arhin_: @venikunche @DiversifyTechCo Hey #TechTwitter, My name is Kwasi Arhin

I'm currently seeking Data Scientist/Machine Learn‚Ä¶",1264189368253759489,KingdomPython,The Python Kingdom,1099,13,https://twitter.com/KingdomPython,https://twitter.com/KingdomPython
38,1268141993156370433,en,"RT @kwasi_arhin_: @venikunche @DiversifyTechCo Hey #TechTwitter, My name is Kwasi Arhin

I'm currently seeking Data Scientist/Machine Learn‚Ä¶",1158109936146092033,AdamMico1,Adam Mico,4227,13,https://mobile.twitter.com,https://mobile.twitter.com
39,1268140055849205762,en,"RT @kwasi_arhin_: @venikunche @DiversifyTechCo Hey #TechTwitter, My name is Kwasi Arhin

I'm currently seeking Data Scientist/Machine Learn‚Ä¶",940832638490894336,BlkHwk0ps,Coding for a better world. ¬øNeed help?,49575,13,http://yoelijoserfeliz.com.mx,http://yoelijoserfeliz.com.mx
40,1268139812084645889,en,"RT @kwasi_arhin_: @venikunche @DiversifyTechCo Hey #TechTwitter, My name is Kwasi Arhin

I'm currently seeking Data Scientist/Machine Learn‚Ä¶",31322694,ThatGoodTweet,What‚Äôs a Kingü§¥üèæ without his Crown üôáüèæ‚Äç‚ôÇÔ∏è,13021,13,http://twitter.com/download/iphone,http://twitter.com/download/iphone
41,1268139714500050944,en,"RT @kwasi_arhin_: @venikunche @DiversifyTechCo Hey #TechTwitter, My name is Kwasi Arhin

I'm currently seeking Data Scientist/Machine Learn‚Ä¶",297102985,venikunche,Veni Kunche,21702,13,https://mobile.twitter.com,https://mobile.twitter.com
42,1268139275142549504,en,"RT @PinakiLaskar: Best #Selfies
#STEM #Memes #math #science #engineering #cybersecurity #artificialintelligence #technology #machinelearnin‚Ä¶",932538546497380352,FishEyeBoxIndia,AI for Everyone,2108,24,https://mobile.twitter.com,https://mobile.twitter.com
43,1268139137346895873,en,RT @patri_vaquero_: üî¨ #Azure #MachineLearning- Model Training. #BigData #Analytics #DataScience #AI  #IoT #IIoT #PyTorch #Python #RStats #T‚Ä¶,1190726565073522694,LlnuxBot,LinuxBot,267239,38,https://techdox.nz,https://techdox.nz
44,1268139107454197761,en,"RT @PratikNilange: Me explaining client how to use the program!ü§£
#WebDev #BigData #Analytics #DataScience #CyberSecurity #IoT #IIoT #PyTorc‚Ä¶",1267740324144742401,tokhope,Nadya Tokareva,6,978,https://mobile.twitter.com,https://mobile.twitter.com
45,1268138919436173312,en,RT @patri_vaquero_: üî¨ #Azure #MachineLearning- Model Training. #BigData #Analytics #DataScience #AI  #IoT #IIoT #PyTorch #Python #RStats #T‚Ä¶,612587658,Motion84,M. Tausha N.,3726,38,http://twitter.com/download/android,http://twitter.com/download/android
46,1268138860778795015,en,"RT @ekecoding: VS Code Cheat Sheet (2020)
#WebDev #BigData #Analytics #DataScience #CyberSecurity #IoT #IIoT #PyTorch #Python #RStats #Tens‚Ä¶",4863506745,qualystat,uh-oh,7606,16,http://www.korzenowski.com,http://www.korzenowski.com
47,1268137618518073347,en,"Uhhn, for GANs, PyTorch seems ve suitable compared to TensorFlow... (especially, GD part)

How Pytorch has made GAN‚Ä¶ https://t.co/2Nbzn1lKmS",2697873409,Kohei_Dozono,Kohei Dozonoüá≤üáæüáØüáµ,1424,0,https://mobile.twitter.com,https://mobile.twitter.com
48,1268136923505274880,en,"RT @PinakiLaskar: Best #Selfies
#STEM #Memes #math #science #engineering #cybersecurity #artificialintelligence #technology #machinelearnin‚Ä¶",1006953374242111489,FisheyeboxLab,AI for Learning .€ó€ó€ó€ó€ó€ó€ó€ó€ó€ó€ó€ó€ó€ó€ó€ó€ó€ó€ó€ó€ó€ó€ó€ó€ó,1353,24,https://mobile.twitter.com,https://mobile.twitter.com
49,1268136382637019138,en,"RT @kwasi_arhin_: @venikunche @DiversifyTechCo Hey #TechTwitter, My name is Kwasi Arhin

I'm currently seeking Data Scientist/Machine Learn‚Ä¶",963077280858697729,ph055a,ph055a,2769,13,https://mobile.twitter.com,https://mobile.twitter.com
50,1268135466068398081,en,"RT @ekecoding: VS Code Cheat Sheet (2020)
#WebDev #BigData #Analytics #DataScience #CyberSecurity #IoT #IIoT #PyTorch #Python #RStats #Tens‚Ä¶",985425300292022273,fullNam35087976,akasatanahama.com,135907,16,https://akasatanahama.com/,https://akasatanahama.com/
51,1268135129152708612,en,"RT @ekecoding: VS Code Cheat Sheet (2020)
#WebDev #BigData #Analytics #DataScience #CyberSecurity #IoT #IIoT #PyTorch #Python #RStats #Tens‚Ä¶",1152052858721918977,LinuxDreams,LinuxDreams,126506,16,https://avcourt.github.io/tiny-cluster,https://avcourt.github.io/tiny-cluster
52,1268133418484858880,en,"RT @ekecoding: VS Code Cheat Sheet (2020)
#WebDev #BigData #Analytics #DataScience #CyberSecurity #IoT #IIoT #PyTorch #Python #RStats #Tens‚Ä¶",1267176842856927233,ddcombot,DevelopersDiscussion.com,5521,16,,
53,1268133345038184448,en,"RT @ekecoding: VS Code Cheat Sheet (2020)
#WebDev #BigData #Analytics #DataScience #CyberSecurity #IoT #IIoT #PyTorch #Python #RStats #Tens‚Ä¶",1190726565073522694,LlnuxBot,LinuxBot,267239,16,https://techdox.nz,https://techdox.nz
54,1268133284782804992,en,"RT @ekecoding: VS Code Cheat Sheet (2020)
#WebDev #BigData #Analytics #DataScience #CyberSecurity #IoT #IIoT #PyTorch #Python #RStats #Tens‚Ä¶",1266133633389060097,CodeGnuts,Gnuts about Code,16371,16,https://adam-spice.online,https://adam-spice.online
55,1268133262880358401,en,"RT @ekecoding: VS Code Cheat Sheet (2020)
#WebDev #BigData #Analytics #DataScience #CyberSecurity #IoT #IIoT #PyTorch #Python #RStats #Tens‚Ä¶",310897418,AaronCuddeback,Aaron Cuddeback,856467,16,http://aaroncuddeback.com,http://aaroncuddeback.com
56,1268133114443792389,en,"RT @ekecoding: VS Code Cheat Sheet (2020)
#WebDev #BigData #Analytics #DataScience #CyberSecurity #IoT #IIoT #PyTorch #Python #RStats #Tens‚Ä¶",1224163949957939201,learn__together,Let's learn together ü§ñ,229712,16,https://twitter.com/learn__together,https://twitter.com/learn__together
57,1268133113600921600,en,"RT @ekecoding: VS Code Cheat Sheet (2020)
#WebDev #BigData #Analytics #DataScience #CyberSecurity #IoT #IIoT #PyTorch #Python #RStats #Tens‚Ä¶",1018459979047624710,JSNewsBot,JS News,153589,16,https://jsnewsbot.herokuapp.com,https://jsnewsbot.herokuapp.com
58,1268133113248571392,en,"RT @ekecoding: VS Code Cheat Sheet (2020)
#WebDev #BigData #Analytics #DataScience #CyberSecurity #IoT #IIoT #PyTorch #Python #RStats #Tens‚Ä¶",1250164632968298497,TheDeveloperBot,The Developer Bot,56666,16,https://dreamsofimran.in,https://dreamsofimran.in
59,1268133113240195072,en,"RT @ekecoding: VS Code Cheat Sheet (2020)
#WebDev #BigData #Analytics #DataScience #CyberSecurity #IoT #IIoT #PyTorch #Python #RStats #Tens‚Ä¶",971620109197312000,ServerlessFan,Serverless Fan,224094,16,http://localhost.com,http://localhost.com
60,1268133111205896192,en,"RT @ekecoding: VS Code Cheat Sheet (2020)
#WebDev #BigData #Analytics #DataScience #CyberSecurity #IoT #IIoT #PyTorch #Python #RStats #Tens‚Ä¶",1142424032794406912,CyberSecurityN8,Cyber Security News,257660,16,https://homeinc.com,https://homeinc.com
61,1268133111117819904,en,"RT @ekecoding: VS Code Cheat Sheet (2020)
#WebDev #BigData #Analytics #DataScience #CyberSecurity #IoT #IIoT #PyTorch #Python #RStats #Tens‚Ä¶",710123736175783938,sectest9,Security Testing,1829643,16,https://ho.com,https://ho.com
62,1268133097456963584,en,"RT @ekecoding: VS Code Cheat Sheet (2020)
#WebDev #BigData #Analytics #DataScience #CyberSecurity #IoT #IIoT #PyTorch #Python #RStats #Tens‚Ä¶",1260062769543434240,nlognbot,nlognbot,42632,16,https://nlogn.in,https://nlogn.in
63,1268133091400433666,en,"VS Code Cheat Sheet (2020)
#WebDev #BigData #Analytics #DataScience #CyberSecurity #IoT #IIoT #PyTorch #Python‚Ä¶ https://t.co/shNLBTrBEG",634954495,ekecoding,Emmanuel Nwolisa,4321,16,http://twitter.com/download/iphone,http://twitter.com/download/iphone
64,1268130697816027138,en,"RT @EmmanuelTorty: VS Code Cheat Sheet (2020)
#WebDev #BigData #Analytics #DataScience #CyberSecurity #IoT #IIoT #PyTorch #Python #RStats #‚Ä¶",1123530277287018496,itsOdhiambo_,Daniel?!!,13376,60,http://twitter.com/download/android,http://twitter.com/download/android
65,1268130444110958593,en,"RT @dayus4heaven: Essential Cheat Sheets for MachineLearning&amp;DeepLearning
#WebDev #BigData #Analytics #DataScience #CyberSecurity #IoT #IIo‚Ä¶",885513434569355265,Taieb_Bot,JSBot,458169,34,https://github.com/AlFalahTaieb,https://github.com/AlFalahTaieb
66,1268130420287254531,en,"RT @dayus4heaven: Essential Cheat Sheets for MachineLearning&amp;DeepLearning
#WebDev #BigData #Analytics #DataScience #CyberSecurity #IoT #IIo‚Ä¶",983177740965773312,cephalopodluke2,cephalopodlukebot,77292,34,https://www.google.com,https://www.google.com
67,1268130354101174272,en,"RT @dayus4heaven: Essential Cheat Sheets for MachineLearning&amp;DeepLearning
#WebDev #BigData #Analytics #DataScience #CyberSecurity #IoT #IIo‚Ä¶",1131854274223366144,cybersec_feeds,Cyber Security Feed,854150,34,https://abdirahiimyassin.weebly.com,https://abdirahiimyassin.weebly.com
68,1268128632377049093,en,"RT @PratikNilange: Me explaining client how to use the program!ü§£
#WebDev #BigData #Analytics #DataScience #CyberSecurity #IoT #IIoT #PyTorc‚Ä¶",1267176842856927233,ddcombot,DevelopersDiscussion.com,5521,978,,
69,1268128381557772293,en,"RT @PratikNilange: Me explaining client how to use the program!ü§£
#WebDev #BigData #Analytics #DataScience #CyberSecurity #IoT #IIoT #PyTorc‚Ä¶",812555214024740865,_reactdev,React Developer,189457,978,https://rishabhmishra.me/,https://rishabhmishra.me/
70,1268128381553565697,en,"RT @PratikNilange: Me explaining client how to use the program!ü§£
#WebDev #BigData #Analytics #DataScience #CyberSecurity #IoT #IIoT #PyTorc‚Ä¶",812555214024740865,_reactdev,React Developer,189457,978,https://rishabhmishra.me/,https://rishabhmishra.me/
71,1268128360737185798,en,"RT @AI212news: OpenAI GPT-3 with 175 billion parameters  . Language Models are Few-Shot Learners
https://t.co/caP7MGyO6u
#GPT3 #Tensorflow‚Ä¶",2813035738,coding64,Coding64,1646,6,https://mobile.twitter.com,https://mobile.twitter.com
72,1268128308572622849,en,"RT @kwasi_arhin_: @venikunche @DiversifyTechCo Hey #TechTwitter, My name is Kwasi Arhin

I'm currently seeking Data Scientist/Machine Learn‚Ä¶",3290570816,saleemrash1d,Saleem Rashid,23641,13,https://mobile.twitter.com,https://mobile.twitter.com
73,1268128137570914305,en,"RT @PratikNilange: Me explaining client how to use the program!ü§£
#WebDev #BigData #Analytics #DataScience #CyberSecurity #IoT #IIoT #PyTorc‚Ä¶",1229091405152256001,redianbot,Ready Dev,125922,978,https://go-shopal.herokuapp.com,https://go-shopal.herokuapp.com
74,1268128134022471680,en,"RT @PratikNilange: Me explaining client how to use the program!ü§£
#WebDev #BigData #Analytics #DataScience #CyberSecurity #IoT #IIoT #PyTorc‚Ä¶",1260062769543434240,nlognbot,nlognbot,42632,978,https://nlogn.in,https://nlogn.in
75,1268128082222776325,en,"RT @PratikNilange: Me explaining client how to use the program!ü§£
#WebDev #BigData #Analytics #DataScience #CyberSecurity #IoT #IIoT #PyTorc‚Ä¶",1127829883013361665,xaelbot,xael bot,427814,978,https://yathinbabu.github.io,https://yathinbabu.github.io
76,1268128064392900608,en,"RT @PratikNilange: Me explaining client how to use the program!ü§£
#WebDev #BigData #Analytics #DataScience #CyberSecurity #IoT #IIoT #PyTorc‚Ä¶",710123736175783938,sectest9,Security Testing,1829643,978,https://ho.com,https://ho.com
77,1268128057572732928,en,"RT @PratikNilange: Me explaining client how to use the program!ü§£
#WebDev #BigData #Analytics #DataScience #CyberSecurity #IoT #IIoT #PyTorc‚Ä¶",1190726565073522694,LlnuxBot,LinuxBot,267239,978,https://techdox.nz,https://techdox.nz
78,1268128056935399424,en,"RT @wil_bielert: RT @dayus4heaven: Essential Cheat Sheets for MachineLearning&amp;DeepLearning
#WebDev #BigData #Analytics #DataScience #CyberS‚Ä¶",1131854274223366144,cybersec_feeds,Cyber Security Feed,854150,13,https://abdirahiimyassin.weebly.com,https://abdirahiimyassin.weebly.com
79,1268128049461112832,en,"RT @PratikNilange: Me explaining client how to use the program!ü§£
#WebDev #BigData #Analytics #DataScience #CyberSecurity #IoT #IIoT #PyTorc‚Ä¶",1142424032794406912,CyberSecurityN8,Cyber Security News,257660,978,https://homeinc.com,https://homeinc.com
80,1268128005630701573,en,"RT @PratikNilange: Me explaining client how to use the program!ü§£
#WebDev #BigData #Analytics #DataScience #CyberSecurity #IoT #IIoT #PyTorc‚Ä¶",2651324655,BademciSevim,Sevim Bademci,24581,978,http://twitter.com/download/android,http://twitter.com/download/android
81,1268123674399305729,en,@tunguz I was surprised how painless pytorch is to install compared to tensorflow,711326345,ATHARVBHAT,Atharv Bhat,652,0,http://twitter.com/download/android,http://twitter.com/download/android
82,1268123493574438912,en,"RT @EmmanuelTorty: VS Code Cheat Sheet (2020)
#WebDev #BigData #Analytics #DataScience #CyberSecurity #IoT #IIoT #PyTorch #Python #RStats #‚Ä¶",241867166,rickovir,Ricko Virnanda,2513,60,https://mobile.twitter.com,https://mobile.twitter.com
83,1268121157137502217,en,"RT @EmmanuelTorty: VS Code Cheat Sheet (2020)
#WebDev #BigData #Analytics #DataScience #CyberSecurity #IoT #IIoT #PyTorch #Python #RStats #‚Ä¶",726725974709121024,athigah,Patrick Githiga,72491,60,http://twitter.com/download/android,http://twitter.com/download/android
84,1268120253936005120,en,"RT @dayus4heaven: Python Flask  Cheat Sheet for your use.
#WebDev #BigData #Analytics #DataScience #CyberSecurity #IoT #IIoT #PyTorch #Pyth‚Ä¶",724565930823561217,pralhadnasane10,Pralhad Nasane,6361,21,https://pralhadnasane1999.wixsite.com/tech7,https://pralhadnasane1999.wixsite.com/tech7
85,1268120014021853186,en,"RT @dayus4heaven: Essential Cheat Sheets for MachineLearning&amp;DeepLearning
#WebDev #BigData #Analytics #DataScience #CyberSecurity #IoT #IIo‚Ä¶",80253571,YogeshBang,üé§Yogesh Bangüé∏,65744,34,http://twitter.com/download/android,http://twitter.com/download/android
86,1268119401812934661,en,"RT @PinakiLaskar: Best #Selfies
#STEM #Memes #math #science #engineering #cybersecurity #artificialintelligence #technology #machinelearnin‚Ä¶",1266133633389060097,CodeGnuts,Gnuts about Code,16371,24,https://adam-spice.online,https://adam-spice.online
87,1268119379721375744,en,"RT @PinakiLaskar: Best #Selfies
#STEM #Memes #math #science #engineering #cybersecurity #artificialintelligence #technology #machinelearnin‚Ä¶",724565930823561217,pralhadnasane10,Pralhad Nasane,6361,24,https://pralhadnasane1999.wixsite.com/tech7,https://pralhadnasane1999.wixsite.com/tech7
88,1268118686424072194,en,RT @tut_ml: Top 5 robust Machine Learning Algorithms #WebDev #BigData #Analytics #DataScience #CyberSecurity #IoT #IIoT #PyTorch #Python #R‚Ä¶,1257170815881228295,ML_Tweet_Bot,Machine Learning Bot,51890,25,https://twitter.com/,https://twitter.com/
89,1268118664131166208,en,RT @tut_ml: Top 5 robust Machine Learning Algorithms #WebDev #BigData #Analytics #DataScience #CyberSecurity #IoT #IIoT #PyTorch #Python #R‚Ä¶,724565930823561217,pralhadnasane10,Pralhad Nasane,6361,25,https://pralhadnasane1999.wixsite.com/tech7,https://pralhadnasane1999.wixsite.com/tech7
90,1268117634261942273,en,"RT @EmmanuelTorty: VS Code Cheat Sheet (2020)
#WebDev #BigData #Analytics #DataScience #CyberSecurity #IoT #IIoT #PyTorch #Python #RStats #‚Ä¶",1266133633389060097,CodeGnuts,Gnuts about Code,16371,60,https://adam-spice.online,https://adam-spice.online
0,1268191645259964417,en,"RT @dayus4heaven: Essential Cheat Sheets for MachineLearning&amp;DeepLearning
#WebDev #BigData #Analytics #DataScience #CyberSecurity #IoT #IIo‚Ä¶",1268118362112045056,NodeBotJs2,NodeBotJs,498,34,https://www.pointsofcontact.org,https://www.pointsofcontact.org
1,1268191637395640321,en,"RT @dayus4heaven: Essential Cheat Sheets for MachineLearning&amp;DeepLearning
#WebDev #BigData #Analytics #DataScience #CyberSecurity #IoT #IIo‚Ä¶",721036352,okemname,ŸÖ€Å⁄© ÿß€åŸÖÿßŸÜ ÿÆÿßŸÜ,3109,34,http://twitter.com/download/iphone,http://twitter.com/download/iphone
2,1268185258706505742,en,"RT @odsc: Announcing AI+ Training by #ODSC. Learn from acclaimed instructor and author Jon Krohn, PhD, this July. Register now to save 30%:‚Ä¶",1134668128489656320,ShyBOT7,Shy BOT,43765,3,https://digitalinspiration.com,https://digitalinspiration.com
3,1268184854425997314,en,"RT @EmmanuelTorty: VS Code Cheat Sheet (2020)
#WebDev #BigData #Analytics #DataScience #CyberSecurity #IoT #IIoT #PyTorch #Python #RStats #‚Ä¶",1166373999343017986,tobi_aiyelokun,Oluwatobi,492,60,http://twitter.com/download/android,http://twitter.com/download/android
4,1268182756435079168,en,"RT @dayus4heaven: Essential Cheat Sheets for MachineLearning&amp;DeepLearning
#WebDev #BigData #Analytics #DataScience #CyberSecurity #IoT #IIo‚Ä¶",812555214024740865,_reactdev,React Developer,189457,34,https://rishabhmishra.me/,https://rishabhmishra.me/
5,1268182738131181568,en,"RT @dayus4heaven: Essential Cheat Sheets for MachineLearning&amp;DeepLearning
#WebDev #BigData #Analytics #DataScience #CyberSecurity #IoT #IIo‚Ä¶",248816081,jamilouazzani,Jamil Ouazzani,21647,34,http://twitter.com/download/android,http://twitter.com/download/android
6,1268181933755858945,en,"RT @pak_aims: #Programmer directory!

#AI #Analytics #DataScience #rstats #IoT #TensorFlow #javascript #reactjs #Cloud #Serverless #NodeJS‚Ä¶",1222084242789634050,C0mment_Reader,Official_Comment_Reader‚Ñ¢Ô∏è,2642,111,http://twitter.com/download/android,http://twitter.com/download/android
7,1268179517388009472,en,"RT @FARHAN_RABBANI: Programming Dictionary!

#Robots #Robotics #AI #BigData #Analytics #DataScience #rstats #IoT #TensorFlow #javascript #r‚Ä¶",1267176842856927233,ddcombot,DevelopersDiscussion.com,5521,20,,
8,1268179444520255488,en,"RT @FARHAN_RABBANI: Programming Dictionary!

#Robots #Robotics #AI #BigData #Analytics #DataScience #rstats #IoT #TensorFlow #javascript #r‚Ä¶",1190726565073522694,LlnuxBot,LinuxBot,267239,20,https://techdox.nz,https://techdox.nz
9,1268179354166706176,en,"RT @FARHAN_RABBANI: Programming Dictionary!

#Robots #Robotics #AI #BigData #Analytics #DataScience #rstats #IoT #TensorFlow #javascript #r‚Ä¶",1243237017695051778,ProjectLearn_io,ProjectLearn,53003,20,https://projectlearn.io,https://projectlearn.io
10,1268175441002737664,en,"RT @PratikNilange: Me explaining client how to use the program!ü§£
#WebDev #BigData #Analytics #DataScience #CyberSecurity #IoT #IIoT #PyTorc‚Ä¶",992317227079753728,Wrdlbrmpfd_Wrdl,Thomas Cave,13572,978,https://mobile.twitter.com,https://mobile.twitter.com
11,1268175437307408389,en,"RT @EmmanuelTorty: VS Code Cheat Sheet (2020)
#WebDev #BigData #Analytics #DataScience #CyberSecurity #IoT #IIoT #PyTorch #Python #RStats #‚Ä¶",548227643,ManushaDilan,Manusha Dilan,3452,60,http://twitter.com/download/android,http://twitter.com/download/android
12,1268175110604591105,en,"RT @EmmanuelTorty: VS Code Cheat Sheet (2020)
#WebDev #BigData #Analytics #DataScience #CyberSecurity #IoT #IIoT #PyTorch #Python #RStats #‚Ä¶",117805461,herhtom,tom,7634,60,http://twitter.com/download/iphone,http://twitter.com/download/iphone
13,1268175018866999300,en,"RT @odsc: Announcing AI+ Training by #ODSC. Learn from acclaimed instructor and author Jon Krohn, PhD, this July. Register now to save 30%:‚Ä¶",2930520904,Woodywood4Woody,Jessica,2945,3,https://mobile.twitter.com,https://mobile.twitter.com
14,1268174787123257346,en,"RT @odsc: Announcing AI+ Training by #ODSC. Learn from acclaimed instructor and author Jon Krohn, PhD, this July. Register now to save 30%:‚Ä¶",3340145579,merit_bakare,meritvision.,3282,3,http://twitter.com/download/iphone,http://twitter.com/download/iphone
15,1268173088702836748,en,"Announcing AI+ Training by #ODSC. Learn from acclaimed instructor and author Jon Krohn, PhD, this July. Register no‚Ä¶ https://t.co/lwo9fqwbK8",3018841323,odsc,Open Data Science,43539,3,http://www.hubspot.com/,http://www.hubspot.com/
16,1268171456686383114,en,"RT @tut_ml: Best Books on Data Science in 2020
#WebDev #BigData #Analytics #DataScience #CyberSecurity #IoT #IIoT #PyTorch #Python #RStats‚Ä¶",1267176842856927233,ddcombot,DevelopersDiscussion.com,5521,52,,
17,1268171456581644295,en,"RT @tut_ml: Best Books on Data Science in 2020
#WebDev #BigData #Analytics #DataScience #CyberSecurity #IoT #IIoT #PyTorch #Python #RStats‚Ä¶",1267176842856927233,ddcombot,DevelopersDiscussion.com,5521,52,,
18,1268171444632129537,en,"RT @tut_ml: Best Books on Data Science in 2020
#WebDev #BigData #Analytics #DataScience #CyberSecurity #IoT #IIoT #PyTorch #Python #RStats‚Ä¶",1131854274223366144,cybersec_feeds,Cyber Security Feed,854150,52,https://abdirahiimyassin.weebly.com,https://abdirahiimyassin.weebly.com
19,1268167879888961537,en,"RT @dayus4heaven: Essential Cheat Sheets for MachineLearning&amp;DeepLearning
#WebDev #BigData #Analytics #DataScience #CyberSecurity #IoT #IIo‚Ä¶",877159974346133505,MariaLasNieves2,Maria Las Nieves,2872,34,https://mobile.twitter.com,https://mobile.twitter.com
20,1268166419235123200,en,"RT @y2yuuuki: For DataScientists

https://t.co/c5dzcBeyMi
„Éº„Éº„Éº
#WebDev #BigData #Analytics #DataScience #CyberSecurity #IoT #IIoT #PyTorch #‚Ä¶",1267176842856927233,ddcombot,DevelopersDiscussion.com,5521,22,,
21,1268166388788662274,en,"RT @y2yuuuki: For DataScientists

https://t.co/c5dzcBeyMi
„Éº„Éº„Éº
#WebDev #BigData #Analytics #DataScience #CyberSecurity #IoT #IIoT #PyTorch #‚Ä¶",1266133633389060097,CodeGnuts,Gnuts about Code,16371,22,https://adam-spice.online,https://adam-spice.online
22,1268166366852526081,en,"RT @y2yuuuki: For DataScientists

https://t.co/c5dzcBeyMi
„Éº„Éº„Éº
#WebDev #BigData #Analytics #DataScience #CyberSecurity #IoT #IIoT #PyTorch #‚Ä¶",2840980285,PandhareSidhesh,Sidheshwar Pandhare,7142,22,http://twinybots.com,http://twinybots.com
23,1268164231678984192,en,"RT @EmmanuelTorty: VS Code Cheat Sheet (2020)
#WebDev #BigData #Analytics #DataScience #CyberSecurity #IoT #IIoT #PyTorch #Python #RStats #‚Ä¶",910440206074970113,m_khairahman,Khai Rahman,3016,60,http://twitter.com/download/android,http://twitter.com/download/android
24,1268162755468591108,en,"RT @EmmanuelTorty: VS Code Cheat Sheet (2020)
#WebDev #BigData #Analytics #DataScience #CyberSecurity #IoT #IIoT #PyTorch #Python #RStats #‚Ä¶",503986471,jonico22,jose luis yana,8515,60,http://twitter.com/download/iphone,http://twitter.com/download/iphone
25,1268159654246350858,en,"RT @EmmanuelTorty: VS Code Cheat Sheet (2020)
#WebDev #BigData #Analytics #DataScience #CyberSecurity #IoT #IIoT #PyTorch #Python #RStats #‚Ä¶",1260861717258657794,LabOfBro,broslab,185,60,http://twitter.com/download/iphone,http://twitter.com/download/iphone
26,1268156084587503616,en,"RT @EmmanuelTorty: VS Code Cheat Sheet (2020)
#WebDev #BigData #Analytics #DataScience #CyberSecurity #IoT #IIoT #PyTorch #Python #RStats #‚Ä¶",1234687264497770497,cybe_rpunkfixer,cyberpunk_fixer,16335,60,https://mobile.twitter.com,https://mobile.twitter.com
27,1268154323751534592,en,"RT @pak_aims: #Programmer directory!

#AI #Analytics #DataScience #rstats #IoT #TensorFlow #javascript #reactjs #Cloud #Serverless #NodeJS‚Ä¶",885513434569355265,Taieb_Bot,JSBot,458169,111,https://github.com/AlFalahTaieb,https://github.com/AlFalahTaieb
28,1268154299227480064,en,"RT @pak_aims: #Programmer directory!

#AI #Analytics #DataScience #rstats #IoT #TensorFlow #javascript #reactjs #Cloud #Serverless #NodeJS‚Ä¶",1131854274223366144,cybersec_feeds,Cyber Security Feed,854150,111,https://abdirahiimyassin.weebly.com,https://abdirahiimyassin.weebly.com
29,1268152396775129089,en,RT @Deep_In_Depth: Awesome Julia Machine-Learning Packages Everyone Should Try! https://t.co/XWdemKy8us #DL #AI #ML #DeepLearning #NeuralNe‚Ä¶,1257170815881228295,ML_Tweet_Bot,Machine Learning Bot,51890,9,https://twitter.com/,https://twitter.com/
30,1268152364503990273,en,RT @Deep_In_Depth: Awesome Julia Machine-Learning Packages Everyone Should Try! https://t.co/XWdemKy8us #DL #AI #ML #DeepLearning #NeuralNe‚Ä¶,1261355507203203072,LearnWithHarry,Harry,12523,9,https://notarealwebsite.nope,https://notarealwebsite.nope
31,1268151290296557568,en,RT @Deep_In_Depth: Awesome Julia Machine-Learning Packages Everyone Should Try! https://t.co/XWdemKy8us #DL #AI #ML #DeepLearning #NeuralNe‚Ä¶,1201368586398208000,Akrati69904291,akrati,1695,9,https://www.abc.com,https://www.abc.com
32,1268150079996735491,en,"RT @tut_ml: Best Books on Data Science in 2020
#WebDev #BigData #Analytics #DataScience #CyberSecurity #IoT #IIoT #PyTorch #Python #RStats‚Ä¶",1204128767251230720,codedailybot,#100daysOfCode,368786,52,https://twitter.com/codedailybot,https://twitter.com/codedailybot
33,1268149789968879622,en,"RT @tut_ml: Best Books on Data Science in 2020
#WebDev #BigData #Analytics #DataScience #CyberSecurity #IoT #IIoT #PyTorch #Python #RStats‚Ä¶",1201368586398208000,Akrati69904291,akrati,1695,52,https://www.abc.com,https://www.abc.com
34,1268146695763869698,en,"RT @kwasi_arhin_: @venikunche @DiversifyTechCo Hey #TechTwitter, My name is Kwasi Arhin

I'm currently seeking Data Scientist/Machine Learn‚Ä¶",17433243,dahlbys,Samantha Dahlby,3539,13,http://twitter.com/download/android,http://twitter.com/download/android
35,1268145538110763008,en,"RT @kwasi_arhin_: @venikunche @DiversifyTechCo Hey #TechTwitter, My name is Kwasi Arhin

I'm currently seeking Data Scientist/Machine Learn‚Ä¶",1183615367937253376,FredericRoland7,Frederic Roland,234,13,http://twitter.com/download/android,http://twitter.com/download/android
36,1268145113261379584,en,"RT @kwasi_arhin_: @venikunche @DiversifyTechCo Hey #TechTwitter, My name is Kwasi Arhin

I'm currently seeking Data Scientist/Machine Learn‚Ä¶",1032460060998479872,Dev_Luismi,Luis ‚ò¢,2315,13,http://www.samruston.co.uk,http://www.samruston.co.uk
37,1268142019509211143,en,"RT @kwasi_arhin_: @venikunche @DiversifyTechCo Hey #TechTwitter, My name is Kwasi Arhin

I'm currently seeking Data Scientist/Machine Learn‚Ä¶",1264189368253759489,KingdomPython,The Python Kingdom,1099,13,https://twitter.com/KingdomPython,https://twitter.com/KingdomPython
38,1268141993156370433,en,"RT @kwasi_arhin_: @venikunche @DiversifyTechCo Hey #TechTwitter, My name is Kwasi Arhin

I'm currently seeking Data Scientist/Machine Learn‚Ä¶",1158109936146092033,AdamMico1,Adam Mico,4227,13,https://mobile.twitter.com,https://mobile.twitter.com
39,1268140055849205762,en,"RT @kwasi_arhin_: @venikunche @DiversifyTechCo Hey #TechTwitter, My name is Kwasi Arhin

I'm currently seeking Data Scientist/Machine Learn‚Ä¶",940832638490894336,BlkHwk0ps,Coding for a better world. ¬øNeed help?,49575,13,http://yoelijoserfeliz.com.mx,http://yoelijoserfeliz.com.mx
40,1268139812084645889,en,"RT @kwasi_arhin_: @venikunche @DiversifyTechCo Hey #TechTwitter, My name is Kwasi Arhin

I'm currently seeking Data Scientist/Machine Learn‚Ä¶",31322694,ThatGoodTweet,What‚Äôs a Kingü§¥üèæ without his Crown üôáüèæ‚Äç‚ôÇÔ∏è,13021,13,http://twitter.com/download/iphone,http://twitter.com/download/iphone
41,1268139714500050944,en,"RT @kwasi_arhin_: @venikunche @DiversifyTechCo Hey #TechTwitter, My name is Kwasi Arhin

I'm currently seeking Data Scientist/Machine Learn‚Ä¶",297102985,venikunche,Veni Kunche,21702,13,https://mobile.twitter.com,https://mobile.twitter.com
42,1268139275142549504,en,"RT @PinakiLaskar: Best #Selfies
#STEM #Memes #math #science #engineering #cybersecurity #artificialintelligence #technology #machinelearnin‚Ä¶",932538546497380352,FishEyeBoxIndia,AI for Everyone,2108,24,https://mobile.twitter.com,https://mobile.twitter.com
43,1268139137346895873,en,RT @patri_vaquero_: üî¨ #Azure #MachineLearning- Model Training. #BigData #Analytics #DataScience #AI  #IoT #IIoT #PyTorch #Python #RStats #T‚Ä¶,1190726565073522694,LlnuxBot,LinuxBot,267239,38,https://techdox.nz,https://techdox.nz
44,1268139107454197761,en,"RT @PratikNilange: Me explaining client how to use the program!ü§£
#WebDev #BigData #Analytics #DataScience #CyberSecurity #IoT #IIoT #PyTorc‚Ä¶",1267740324144742401,tokhope,Nadya Tokareva,6,978,https://mobile.twitter.com,https://mobile.twitter.com
45,1268138919436173312,en,RT @patri_vaquero_: üî¨ #Azure #MachineLearning- Model Training. #BigData #Analytics #DataScience #AI  #IoT #IIoT #PyTorch #Python #RStats #T‚Ä¶,612587658,Motion84,M. Tausha N.,3726,38,http://twitter.com/download/android,http://twitter.com/download/android
46,1268138860778795015,en,"RT @ekecoding: VS Code Cheat Sheet (2020)
#WebDev #BigData #Analytics #DataScience #CyberSecurity #IoT #IIoT #PyTorch #Python #RStats #Tens‚Ä¶",4863506745,qualystat,uh-oh,7606,16,http://www.korzenowski.com,http://www.korzenowski.com
47,1268137618518073347,en,"Uhhn, for GANs, PyTorch seems ve suitable compared to TensorFlow... (especially, GD part)

How Pytorch has made GAN‚Ä¶ https://t.co/2Nbzn1lKmS",2697873409,Kohei_Dozono,Kohei Dozonoüá≤üáæüáØüáµ,1424,0,https://mobile.twitter.com,https://mobile.twitter.com
48,1268136923505274880,en,"RT @PinakiLaskar: Best #Selfies
#STEM #Memes #math #science #engineering #cybersecurity #artificialintelligence #technology #machinelearnin‚Ä¶",1006953374242111489,FisheyeboxLab,AI for Learning .€ó€ó€ó€ó€ó€ó€ó€ó€ó€ó€ó€ó€ó€ó€ó€ó€ó€ó€ó€ó€ó€ó€ó€ó€ó,1353,24,https://mobile.twitter.com,https://mobile.twitter.com
49,1268136382637019138,en,"RT @kwasi_arhin_: @venikunche @DiversifyTechCo Hey #TechTwitter, My name is Kwasi Arhin

I'm currently seeking Data Scientist/Machine Learn‚Ä¶",963077280858697729,ph055a,ph055a,2769,13,https://mobile.twitter.com,https://mobile.twitter.com
50,1268135466068398081,en,"RT @ekecoding: VS Code Cheat Sheet (2020)
#WebDev #BigData #Analytics #DataScience #CyberSecurity #IoT #IIoT #PyTorch #Python #RStats #Tens‚Ä¶",985425300292022273,fullNam35087976,akasatanahama.com,135907,16,https://akasatanahama.com/,https://akasatanahama.com/
51,1268135129152708612,en,"RT @ekecoding: VS Code Cheat Sheet (2020)
#WebDev #BigData #Analytics #DataScience #CyberSecurity #IoT #IIoT #PyTorch #Python #RStats #Tens‚Ä¶",1152052858721918977,LinuxDreams,LinuxDreams,126506,16,https://avcourt.github.io/tiny-cluster,https://avcourt.github.io/tiny-cluster
52,1268133418484858880,en,"RT @ekecoding: VS Code Cheat Sheet (2020)
#WebDev #BigData #Analytics #DataScience #CyberSecurity #IoT #IIoT #PyTorch #Python #RStats #Tens‚Ä¶",1267176842856927233,ddcombot,DevelopersDiscussion.com,5521,16,,
53,1268133345038184448,en,"RT @ekecoding: VS Code Cheat Sheet (2020)
#WebDev #BigData #Analytics #DataScience #CyberSecurity #IoT #IIoT #PyTorch #Python #RStats #Tens‚Ä¶",1190726565073522694,LlnuxBot,LinuxBot,267239,16,https://techdox.nz,https://techdox.nz
54,1268133284782804992,en,"RT @ekecoding: VS Code Cheat Sheet (2020)
#WebDev #BigData #Analytics #DataScience #CyberSecurity #IoT #IIoT #PyTorch #Python #RStats #Tens‚Ä¶",1266133633389060097,CodeGnuts,Gnuts about Code,16371,16,https://adam-spice.online,https://adam-spice.online
55,1268133262880358401,en,"RT @ekecoding: VS Code Cheat Sheet (2020)
#WebDev #BigData #Analytics #DataScience #CyberSecurity #IoT #IIoT #PyTorch #Python #RStats #Tens‚Ä¶",310897418,AaronCuddeback,Aaron Cuddeback,856467,16,http://aaroncuddeback.com,http://aaroncuddeback.com
56,1268133114443792389,en,"RT @ekecoding: VS Code Cheat Sheet (2020)
#WebDev #BigData #Analytics #DataScience #CyberSecurity #IoT #IIoT #PyTorch #Python #RStats #Tens‚Ä¶",1224163949957939201,learn__together,Let's learn together ü§ñ,229712,16,https://twitter.com/learn__together,https://twitter.com/learn__together
57,1268133113600921600,en,"RT @ekecoding: VS Code Cheat Sheet (2020)
#WebDev #BigData #Analytics #DataScience #CyberSecurity #IoT #IIoT #PyTorch #Python #RStats #Tens‚Ä¶",1018459979047624710,JSNewsBot,JS News,153589,16,https://jsnewsbot.herokuapp.com,https://jsnewsbot.herokuapp.com
58,1268133113248571392,en,"RT @ekecoding: VS Code Cheat Sheet (2020)
#WebDev #BigData #Analytics #DataScience #CyberSecurity #IoT #IIoT #PyTorch #Python #RStats #Tens‚Ä¶",1250164632968298497,TheDeveloperBot,The Developer Bot,56666,16,https://dreamsofimran.in,https://dreamsofimran.in
59,1268133113240195072,en,"RT @ekecoding: VS Code Cheat Sheet (2020)
#WebDev #BigData #Analytics #DataScience #CyberSecurity #IoT #IIoT #PyTorch #Python #RStats #Tens‚Ä¶",971620109197312000,ServerlessFan,Serverless Fan,224094,16,http://localhost.com,http://localhost.com
60,1268133111205896192,en,"RT @ekecoding: VS Code Cheat Sheet (2020)
#WebDev #BigData #Analytics #DataScience #CyberSecurity #IoT #IIoT #PyTorch #Python #RStats #Tens‚Ä¶",1142424032794406912,CyberSecurityN8,Cyber Security News,257660,16,https://homeinc.com,https://homeinc.com
61,1268133111117819904,en,"RT @ekecoding: VS Code Cheat Sheet (2020)
#WebDev #BigData #Analytics #DataScience #CyberSecurity #IoT #IIoT #PyTorch #Python #RStats #Tens‚Ä¶",710123736175783938,sectest9,Security Testing,1829643,16,https://ho.com,https://ho.com
62,1268133097456963584,en,"RT @ekecoding: VS Code Cheat Sheet (2020)
#WebDev #BigData #Analytics #DataScience #CyberSecurity #IoT #IIoT #PyTorch #Python #RStats #Tens‚Ä¶",1260062769543434240,nlognbot,nlognbot,42632,16,https://nlogn.in,https://nlogn.in
63,1268133091400433666,en,"VS Code Cheat Sheet (2020)
#WebDev #BigData #Analytics #DataScience #CyberSecurity #IoT #IIoT #PyTorch #Python‚Ä¶ https://t.co/shNLBTrBEG",634954495,ekecoding,Emmanuel Nwolisa,4321,16,http://twitter.com/download/iphone,http://twitter.com/download/iphone
64,1268130697816027138,en,"RT @EmmanuelTorty: VS Code Cheat Sheet (2020)
#WebDev #BigData #Analytics #DataScience #CyberSecurity #IoT #IIoT #PyTorch #Python #RStats #‚Ä¶",1123530277287018496,itsOdhiambo_,Daniel?!!,13376,60,http://twitter.com/download/android,http://twitter.com/download/android
65,1268130444110958593,en,"RT @dayus4heaven: Essential Cheat Sheets for MachineLearning&amp;DeepLearning
#WebDev #BigData #Analytics #DataScience #CyberSecurity #IoT #IIo‚Ä¶",885513434569355265,Taieb_Bot,JSBot,458169,34,https://github.com/AlFalahTaieb,https://github.com/AlFalahTaieb
66,1268130420287254531,en,"RT @dayus4heaven: Essential Cheat Sheets for MachineLearning&amp;DeepLearning
#WebDev #BigData #Analytics #DataScience #CyberSecurity #IoT #IIo‚Ä¶",983177740965773312,cephalopodluke2,cephalopodlukebot,77292,34,https://www.google.com,https://www.google.com
67,1268130354101174272,en,"RT @dayus4heaven: Essential Cheat Sheets for MachineLearning&amp;DeepLearning
#WebDev #BigData #Analytics #DataScience #CyberSecurity #IoT #IIo‚Ä¶",1131854274223366144,cybersec_feeds,Cyber Security Feed,854150,34,https://abdirahiimyassin.weebly.com,https://abdirahiimyassin.weebly.com
68,1268128632377049093,en,"RT @PratikNilange: Me explaining client how to use the program!ü§£
#WebDev #BigData #Analytics #DataScience #CyberSecurity #IoT #IIoT #PyTorc‚Ä¶",1267176842856927233,ddcombot,DevelopersDiscussion.com,5521,978,,
69,1268128381557772293,en,"RT @PratikNilange: Me explaining client how to use the program!ü§£
#WebDev #BigData #Analytics #DataScience #CyberSecurity #IoT #IIoT #PyTorc‚Ä¶",812555214024740865,_reactdev,React Developer,189457,978,https://rishabhmishra.me/,https://rishabhmishra.me/
70,1268128381553565697,en,"RT @PratikNilange: Me explaining client how to use the program!ü§£
#WebDev #BigData #Analytics #DataScience #CyberSecurity #IoT #IIoT #PyTorc‚Ä¶",812555214024740865,_reactdev,React Developer,189457,978,https://rishabhmishra.me/,https://rishabhmishra.me/
71,1268128360737185798,en,"RT @AI212news: OpenAI GPT-3 with 175 billion parameters  . Language Models are Few-Shot Learners
https://t.co/caP7MGyO6u
#GPT3 #Tensorflow‚Ä¶",2813035738,coding64,Coding64,1646,6,https://mobile.twitter.com,https://mobile.twitter.com
72,1268128308572622849,en,"RT @kwasi_arhin_: @venikunche @DiversifyTechCo Hey #TechTwitter, My name is Kwasi Arhin

I'm currently seeking Data Scientist/Machine Learn‚Ä¶",3290570816,saleemrash1d,Saleem Rashid,23641,13,https://mobile.twitter.com,https://mobile.twitter.com
73,1268128137570914305,en,"RT @PratikNilange: Me explaining client how to use the program!ü§£
#WebDev #BigData #Analytics #DataScience #CyberSecurity #IoT #IIoT #PyTorc‚Ä¶",1229091405152256001,redianbot,Ready Dev,125922,978,https://go-shopal.herokuapp.com,https://go-shopal.herokuapp.com
74,1268128134022471680,en,"RT @PratikNilange: Me explaining client how to use the program!ü§£
#WebDev #BigData #Analytics #DataScience #CyberSecurity #IoT #IIoT #PyTorc‚Ä¶",1260062769543434240,nlognbot,nlognbot,42632,978,https://nlogn.in,https://nlogn.in
75,1268128082222776325,en,"RT @PratikNilange: Me explaining client how to use the program!ü§£
#WebDev #BigData #Analytics #DataScience #CyberSecurity #IoT #IIoT #PyTorc‚Ä¶",1127829883013361665,xaelbot,xael bot,427814,978,https://yathinbabu.github.io,https://yathinbabu.github.io
76,1268128064392900608,en,"RT @PratikNilange: Me explaining client how to use the program!ü§£
#WebDev #BigData #Analytics #DataScience #CyberSecurity #IoT #IIoT #PyTorc‚Ä¶",710123736175783938,sectest9,Security Testing,1829643,978,https://ho.com,https://ho.com
77,1268128057572732928,en,"RT @PratikNilange: Me explaining client how to use the program!ü§£
#WebDev #BigData #Analytics #DataScience #CyberSecurity #IoT #IIoT #PyTorc‚Ä¶",1190726565073522694,LlnuxBot,LinuxBot,267239,978,https://techdox.nz,https://techdox.nz
78,1268128056935399424,en,"RT @wil_bielert: RT @dayus4heaven: Essential Cheat Sheets for MachineLearning&amp;DeepLearning
#WebDev #BigData #Analytics #DataScience #CyberS‚Ä¶",1131854274223366144,cybersec_feeds,Cyber Security Feed,854150,13,https://abdirahiimyassin.weebly.com,https://abdirahiimyassin.weebly.com
79,1268128049461112832,en,"RT @PratikNilange: Me explaining client how to use the program!ü§£
#WebDev #BigData #Analytics #DataScience #CyberSecurity #IoT #IIoT #PyTorc‚Ä¶",1142424032794406912,CyberSecurityN8,Cyber Security News,257660,978,https://homeinc.com,https://homeinc.com
80,1268128005630701573,en,"RT @PratikNilange: Me explaining client how to use the program!ü§£
#WebDev #BigData #Analytics #DataScience #CyberSecurity #IoT #IIoT #PyTorc‚Ä¶",2651324655,BademciSevim,Sevim Bademci,24581,978,http://twitter.com/download/android,http://twitter.com/download/android
81,1268123674399305729,en,@tunguz I was surprised how painless pytorch is to install compared to tensorflow,711326345,ATHARVBHAT,Atharv Bhat,652,0,http://twitter.com/download/android,http://twitter.com/download/android
82,1268123493574438912,en,"RT @EmmanuelTorty: VS Code Cheat Sheet (2020)
#WebDev #BigData #Analytics #DataScience #CyberSecurity #IoT #IIoT #PyTorch #Python #RStats #‚Ä¶",241867166,rickovir,Ricko Virnanda,2513,60,https://mobile.twitter.com,https://mobile.twitter.com
83,1268121157137502217,en,"RT @EmmanuelTorty: VS Code Cheat Sheet (2020)
#WebDev #BigData #Analytics #DataScience #CyberSecurity #IoT #IIoT #PyTorch #Python #RStats #‚Ä¶",726725974709121024,athigah,Patrick Githiga,72491,60,http://twitter.com/download/android,http://twitter.com/download/android
84,1268120253936005120,en,"RT @dayus4heaven: Python Flask  Cheat Sheet for your use.
#WebDev #BigData #Analytics #DataScience #CyberSecurity #IoT #IIoT #PyTorch #Pyth‚Ä¶",724565930823561217,pralhadnasane10,Pralhad Nasane,6361,21,https://pralhadnasane1999.wixsite.com/tech7,https://pralhadnasane1999.wixsite.com/tech7
85,1268120014021853186,en,"RT @dayus4heaven: Essential Cheat Sheets for MachineLearning&amp;DeepLearning
#WebDev #BigData #Analytics #DataScience #CyberSecurity #IoT #IIo‚Ä¶",80253571,YogeshBang,üé§Yogesh Bangüé∏,65744,34,http://twitter.com/download/android,http://twitter.com/download/android
86,1268119401812934661,en,"RT @PinakiLaskar: Best #Selfies
#STEM #Memes #math #science #engineering #cybersecurity #artificialintelligence #technology #machinelearnin‚Ä¶",1266133633389060097,CodeGnuts,Gnuts about Code,16371,24,https://adam-spice.online,https://adam-spice.online
87,1268119379721375744,en,"RT @PinakiLaskar: Best #Selfies
#STEM #Memes #math #science #engineering #cybersecurity #artificialintelligence #technology #machinelearnin‚Ä¶",724565930823561217,pralhadnasane10,Pralhad Nasane,6361,24,https://pralhadnasane1999.wixsite.com/tech7,https://pralhadnasane1999.wixsite.com/tech7
88,1268118686424072194,en,RT @tut_ml: Top 5 robust Machine Learning Algorithms #WebDev #BigData #Analytics #DataScience #CyberSecurity #IoT #IIoT #PyTorch #Python #R‚Ä¶,1257170815881228295,ML_Tweet_Bot,Machine Learning Bot,51890,25,https://twitter.com/,https://twitter.com/
89,1268118664131166208,en,RT @tut_ml: Top 5 robust Machine Learning Algorithms #WebDev #BigData #Analytics #DataScience #CyberSecurity #IoT #IIoT #PyTorch #Python #R‚Ä¶,724565930823561217,pralhadnasane10,Pralhad Nasane,6361,25,https://pralhadnasane1999.wixsite.com/tech7,https://pralhadnasane1999.wixsite.com/tech7
90,1268117634261942273,en,"RT @EmmanuelTorty: VS Code Cheat Sheet (2020)
#WebDev #BigData #Analytics #DataScience #CyberSecurity #IoT #IIoT #PyTorch #Python #RStats #‚Ä¶",1266133633389060097,CodeGnuts,Gnuts about Code,16371,60,https://adam-spice.online,https://adam-spice.online
